CID,amount
         ,13150
C00000042,8262
C00000059,200
C00000372,700
C00000422,3841812
C00000638,13775
C00000729,213663
C00000794,46000
C00000885,282336
C00000901,1609670
C00000935,3209049
C00000984,96000
C00001008,7100
C00001016,18091
C00001156,1442
C00001180,38825
C00001198,343441
C00001214,284870
C00001289,17400
C00001305,1272572
C00001313,824724
C00001388,13138
C00001420,10100
C00001461,3760
C00001636,127919
C00001685,272322
C00001727,149475
C00001776,800
C00001818,2000
C00001875,51317
C00001917,11349
C00002089,65937
C00002238,27500
C00002261,324345
C00002469,720759
C00002766,56527
C00002790,240
C00002881,683521
C00002931,26558237
C00002956,49625
C00002972,122459
C00003061,700
C00003111,150668
C00003194,274248
C00003251,211549
C00003327,53530
C00003418,82854088
C00003459,1050
C00003558,859116
C00003590,1620
C00003756,32600
C00003764,771317
C00003806,1895
C00003830,123051
C00003855,13050
C00003897,2500
C00003970,24500
C00003988,256441
C00004010,15334
C00004036,11311
C00004101,197825
C00004275,63929
C00004325,120926
C00004473,4185
C00004515,33505
C00004606,272608
C00004812,353535
C00004861,250
C00004879,95450
C00004929,2700
C00004960,1750
C00004994,52569
C00005132,2910
C00005157,4620
C00005173,790606
C00005249,234232
C00005462,16070
C00005488,48021
C00005561,619845
C00005660,131901
C00005751,3575
C00005785,267305
C00005801,1500
C00005819,41200
C00005926,1122946
C00006049,117651
C00006080,666326
C00006296,775
C00006338,2031
C00006486,690891
C00006783,250
C00007070,4750
C00007450,58240
C00007542,321328
C00007658,403429
C00007880,97747
C00007898,150844
C00007922,49428
C00007948,36080
C00008086,94018
C00008227,588324
C00008268,4325
C00008334,600
C00008425,52450
C00008474,142928
C00008664,982430
C00008748,1952
C00008839,180143
C00009035,7675
C00009282,76269
C00009357,19350
C00009423,9564
C00009449,4500
C00009597,6500
C00009639,1275
C00009704,214530
C00009795,39700
C00009845,50531
C00009928,1428
C00009936,21623
C00009985,703253
C00010033,257213
C00010082,997200
C00010124,70000
C00010322,30613
C00010363,887381
C00010421,875068
C00010439,6420
C00010470,110763
C00010488,24650
C00010520,725
C00010603,67574275
C00010710,1050
C00010793,148875
C00010868,207106
C00010876,200
C00010967,300
C00010983,60082
C00011114,901
C00011197,3302485
C00011221,12880
C00011262,725
C00011270,7950
C00011338,200
C00011544,46995
C00011627,3200
C00011718,700
C00012245,23900
C00012310,55600
C00012328,143652
C00012401,25500
C00012468,51111
C00012476,48046
C00012484,22100
C00012518,30875
C00012880,116897
C00012914,132240
C00013342,3650
C00013672,135331
C00013748,41824
C00013961,259892
C00014019,31550
C00014092,16009
C00014498,923903
C00014555,328149
C00014878,89800
C00015024,592097
C00015552,207899
C00015925,1539
C00015933,4470
C00016386,39900
C00016444,1700
C00016683,96349
C00016899,706522
C00017244,900
C00017525,136719
C00017558,30510
C00017681,16040
C00018028,195075
C00018036,6250
C00018135,20250
C00018929,166566
C00018945,774
C00019083,3400
C00019331,268335
C00019380,129311
C00019653,38112
C00019976,10000
C00020453,2000
C00020818,760697
C00021121,2524
C00021295,62984
C00021972,17500
C00022343,240067
C00022368,121232
C00022517,450
C00022988,128250
C00022996,10000
C00023028,91475
C00023580,58962
C00023838,931307
C00024281,147300
C00024299,131550
C00024349,42950
C00024372,345443
C00024422,973
C00024455,3526
C00024521,1376500
C00024679,191761
C00024703,14175
C00024752,16700
C00024869,991483
C00024935,14400
C00024968,237734
C00025023,15000
C00025098,8020
C00025163,23997
C00025254,440301
C00025395,1000
C00025536,9152
C00025668,84295
C00026823,7477
C00027359,17004
C00027466,17817653
C00027532,621267
C00028670,7751
C00028787,227098
C00028860,1870
C00029165,202673
C00029348,107169
C00029447,217151
C00029504,27836
C00030007,21275
C00030478,20000
C00030593,13875
C00030676,30836
C00030718,615327
C00030734,33484
C00030809,4750
C00031054,948442
C00031088,1213233
C00032334,169465
C00032391,6000
C00032441,29900
C00032573,8800
C00032656,5217
C00032698,421032
C00032797,211991
C00032805,12370
C00032979,600
C00032995,5420
C00033092,4400
C00033134,365040
C00033423,67580
C00033431,25075
C00033456,41927
C00033548,14150
C00033555,41646
C00033589,50386
C00033704,2700
C00033753,8450
C00033779,181450
C00033795,250
C00033944,2900
C00033969,4810
C00033977,25442
C00034033,289403
C00034041,2100
C00034132,182564
C00034157,173185
C00034173,78450
C00034181,7500
C00034256,830
C00034272,118965
C00034330,20164
C00034355,22000
C00034405,20946
C00034470,17936
C00034488,222235
C00034538,2430
C00034553,3000
C00034595,24432
C00034678,30781
C00034728,4000
C00034785,98550
C00034827,500
C00034884,21000
C00034934,15900
C00035006,13300
C00035204,60045
C00035253,4685
C00035451,63145
C00035477,1000
C00035501,10459
C00035519,21000
C00035535,1000
C00035600,462731
C00035618,205984
C00035667,11250
C00035675,118692
C00035683,86500
C00035691,40700
C00035766,4100
C00035774,34750
C00035857,1250
C00038505,1136915
C00038604,124820
C00038612,9150
C00038927,3024
C00039016,6000
C00039040,1900
C00039057,21015
C00039123,27500
C00039131,12500
C00039164,12800
C00039206,24320
C00039214,101255
C00039305,102560
C00039321,25966
C00039461,2870
C00039503,20072
C00039552,8954
C00039578,230950
C00039610,5000
C00039941,250
C00040006,690
C00040170,36379
C00040220,2000407
C00040238,13535
C00040253,18145
C00040279,3557
C00040329,67451
C00040360,700
C00040394,4500
C00040535,122096
C00040550,43039
C00040568,21142
C00040584,52949
C00040659,14130
C00040725,26269
C00040741,38172
C00040840,1000
C00040857,3425
C00040881,300
C00040923,20250
C00040998,3203865
C00041038,700
C00041061,7400
C00041160,2396948
C00041178,7476
C00041269,776787
C00041301,6100
C00041376,1500
C00041558,5350
C00041566,56778
C00041590,28925
C00041608,5000
C00041947,22680
C00041954,1250
C00042002,30301
C00042069,30140
C00042366,20497469
C00042622,796586
C00042663,250
C00042895,1004
C00042960,16200
C00043059,1615
C00043091,3000
C00043265,21549
C00043463,271084
C00043489,15042
C00043687,18228
C00043901,19875
C00043919,8300
C00043992,34022
C00044024,28601
C00044776,791368
C00044818,1950
C00044842,2845368
C00044990,348087
C00045781,91000
C00045849,750
C00046086,116450
C00046474,4400
C00047415,38612
C00048165,11465
C00048181,14765
C00048579,7259
C00048702,13325
C00050310,4076
C00051979,5212
C00053553,324661
C00053751,25000
C00054890,1598
C00055236,5022
C00055582,2244652
C00055616,12013
C00056523,950
C00059238,5165
C00059329,1500
C00059733,132015
C00059832,283650
C00059907,6330
C00060079,324
C00060103,18290
C00060707,1250
C00062646,850
C00062836,27175
C00063024,1050
C00063164,163700
C00064097,8440
C00064766,193300
C00064774,3000
C00065219,140448
C00065870,14362
C00065987,6750
C00066472,105492
C00067231,199450
C00067504,101000
C00067884,30225
C00068452,8600
C00068528,29593
C00068692,13019
C00071365,310870
C00072025,88667
C00072751,59090
C00072769,3879
C00072967,3600
C00073056,45280
C00073791,161602
C00074096,5533
C00074328,70415
C00074450,935794
C00074633,16548
C00074799,16908
C00075275,30190
C00075291,1990
C00075341,14498
C00075390,74772
C00075473,270
C00075994,250
C00076133,23163
C00076182,33200
C00076299,302953
C00076703,11200
C00076737,910
C00076810,184676
C00076893,1250
C00076919,8419
C00077024,37073
C00077305,9390
C00077321,6560
C00077354,24825
C00077362,58260
C00077370,2845
C00077552,75420
C00077636,27187
C00078022,6000
C00078196,81514
C00078261,12442
C00078287,160675
C00078451,1800
C00078535,4700
C00078675,3050
C00079541,297056
C00079566,19845
C00079681,60102
C00079756,17050
C00079855,15923
C00079947,38650
C00080069,1261
C00080135,8358
C00080515,61600
C00080648,18625
C00080713,14085
C00080721,88939
C00081414,387121
C00081422,6050
C00081455,1310
C00081547,203
C00081802,105950
C00082040,193615
C00082255,1090
C00082271,65350
C00082677,25475
C00082792,12964
C00082800,1675
C00082834,41625
C00082909,3085
C00082917,811796
C00082925,732845
C00083089,1669
C00083279,199326
C00083535,350
C00083790,5500
C00083808,15300
C00083857,77585
C00083915,15750
C00084145,13399
C00084368,293588
C00084475,13600
C00084491,32900
C00084582,4450
C00084822,26775
C00084871,7000
C00084954,343870
C00085019,9500
C00085316,32429
C00085373,33650
C00085480,270
C00085506,364720
C00085910,500
C00085977,1600
C00086348,1000
C00086355,4750
C00086611,4052
C00087478,266
C00087791,33570
C00087874,77535
C00087882,41415
C00087965,1248
C00088369,120425
C00088435,25610
C00088591,30802
C00088765,34093
C00088864,3100
C00089086,7660
C00089136,201982
C00089243,127067
C00089342,19300
C00089458,281900
C00089482,101935
C00089540,465
C00089961,7912
C00089987,59900
C00090415,14750
C00091561,9025
C00091660,10500
C00091702,1000
C00091884,775
C00091942,41748
C00092247,86680
C00092304,3650
C00092809,720
C00092841,500
C00092957,1993
C00093054,1500
C00093096,11250
C00093179,825
C00093195,5050
C00093948,21714
C00093963,49990
C00093989,5806
C00094185,2400
C00094581,11655
C00094896,15935
C00094904,1098
C00095059,480273
C00095109,7250
C00095406,10550
C00095869,30250
C00096156,57709
C00096560,31066
C00096743,2124
C00096842,3000
C00097196,14850
C00097238,4350
C00097485,88713
C00097550,47136
C00097568,99811
C00097725,151500
C00097865,126045
C00098061,30447
C00098301,5100
C00099002,31009
C00099234,5850
C00099259,4668903
C00099267,287499
C00099465,1034
C00099754,29575
C00099937,12077
C00099945,8245
C00100107,110050
C00100289,750
C00100305,600
C00100321,1099
C00100404,45147
C00100644,13930
C00100693,796308
C00100974,6200
C00101071,4425
C00101105,885274
C00101204,25750
C00101212,395649
C00101410,4250
C00101485,4100
C00101493,3100
C00101592,2900
C00101626,72951
C00101766,83310
C00102160,3516
C00102368,244100
C00102517,17619
C00102731,1250
C00102764,123765
C00102798,28920
C00103028,2450
C00103143,54006
C00103325,27950
C00103549,24050
C00103572,1850
C00103697,12400
C00103713,9450
C00103788,25945
C00103861,1251
C00103903,200
C00103937,88550
C00104083,3000
C00104299,274917
C00104364,38583
C00104471,1230755
C00104687,1000
C00104802,15208
C00104810,259201
C00104851,615078
C00104885,6060
C00104901,573647
C00105080,4400
C00105338,7200
C00105668,642930
C00105973,63450
C00105981,471754
C00106146,710177
C00106245,3689
C00106435,5870
C00106609,12000
C00106716,1250
C00106740,41370
C00107128,16200
C00107136,7580
C00107235,853955
C00107300,125690
C00107615,5250
C00107680,5500
C00107771,1000
C00108001,661
C00108035,16910
C00108209,1700
C00108282,500
C00108290,7287
C00108456,400
C00108555,4250
C00108613,527224
C00109017,1850
C00109116,44355
C00109165,13385
C00109306,68855
C00109355,376458
C00109397,21144
C00109546,15289
C00109678,200
C00109793,250
C00109819,163526
C00109991,124984
C00110197,156708
C00110262,4800
C00110338,424706
C00110478,9515
C00110494,31956
C00110585,108600
C00110759,3125
C00110858,56050
C00110973,17195
C00111047,8349
C00111104,5000
C00111278,454007
C00111302,72835
C00111310,6069
C00111427,32000
C00111534,76463
C00111559,117102
C00111567,2000
C00111658,94793
C00111765,27300
C00111773,9669
C00111880,13336
C00111898,6250
C00112664,25226
C00112680,48220
C00112763,1000
C00112888,3900
C00112896,2650
C00113019,47000
C00113035,1000
C00113159,11833
C00113241,54970
C00113258,55120
C00113449,329996
C00113464,19839
C00113753,63565
C00113803,346314
C00113811,420371
C00113845,22550
C00113902,86153
C00114017,52050
C00114025,171475
C00114108,6700
C00114132,62210
C00114314,350
C00114439,702387
C00114447,4837
C00114694,6000
C00114702,11947
C00115030,7000
C00115303,80240
C00115832,1950
C00116038,58554
C00116145,15120
C00116384,4330
C00116400,17900
C00116715,25533
C00116756,820
C00116988,300
C00116996,10784
C00117051,16450
C00117200,250
C00117267,18400
C00117408,17010
C00117440,7799
C00117614,1075
C00117721,121623
C00117838,19786
C00117861,17115
C00118208,137170
C00118430,105600
C00118703,250
C00118919,10750
C00118943,163752
C00118950,4350
C00119008,39880
C00119354,90925
C00119388,2900
C00119545,7858
C00119669,1500
C00119784,83326
C00120006,1250
C00120030,171270
C00120055,360091
C00120089,225
C00120204,3900
C00120238,500
C00120519,1050
C00120873,1000
C00121277,21000
C00121301,2500
C00121319,2860
C00121350,21000
C00121368,107642
C00121582,6925
C00122101,394580
C00122374,1140
C00122499,500
C00122614,600
C00122671,56650
C00122937,250
C00123109,7600
C00123158,2250
C00123612,27030
C00123950,9611
C00123976,1250
C00124040,20390
C00125641,171424
C00125658,3250
C00125716,32839
C00125831,14550
C00126011,5950
C00126086,1300
C00126466,3376
C00126763,548223
C00126805,4750
C00126847,34300
C00127258,36875
C00127274,4200
C00127357,131050
C00127621,2300
C00127670,33930
C00127779,42600
C00127811,105750
C00128082,17125
C00128140,92750
C00128231,139600
C00128512,41573
C00128520,2350
C00128561,520
C00128678,16305
C00128686,4980
C00128918,19330
C00128975,27950
C00129122,20250
C00129171,6550
C00129189,7699
C00129437,8500
C00129668,500
C00129742,4360
C00129833,44300
C00129932,40150
C00130161,3500
C00130187,935
C00130658,44630
C00130773,246022
C00130807,300
C00131029,1000
C00131045,1000
C00131185,213292
C00131383,13812
C00131557,61850
C00131607,4050
C00131615,20000
C00132282,118265
C00132480,29810
C00133215,6500
C00133223,3000
C00133389,8500
C00133504,2950
C00135186,33200
C00135293,315
C00135368,176532
C00135376,4000
C00135459,3450
C00135475,1769
C00135541,33610
C00135558,1360956
C00135590,13888
C00135731,2000
C00135855,8325
C00136200,66225
C00136317,7500
C00136390,13400
C00136432,20550
C00136440,17000
C00136457,428272
C00136838,2150
C00136853,42052
C00136895,200
C00137265,112322
C00137273,13525
C00137802,250
C00137828,500
C00138107,3865
C00138339,3650
C00138560,181420
C00138636,3070
C00138701,92935
C00138974,2000
C00139071,58288
C00139089,5300
C00139097,25575
C00139105,900
C00139279,9087
C00139360,5440
C00139451,38319
C00139477,28200
C00139519,23890
C00139568,9190
C00139659,479502
C00139667,7067
C00139683,235
C00139741,92760
C00139964,23010
C00140061,86875
C00140590,6265797
C00140707,750
C00140855,5400
C00140970,42507
C00141002,23553
C00141036,39650
C00141044,43462
C00141218,4327
C00141341,3250
C00141572,1500
C00141697,39750
C00141747,139500
C00141812,401792
C00141879,6550
C00141945,15000
C00141960,49134
C00142117,136118
C00142299,92850
C00142307,51500
C00142315,54248
C00142372,6393
C00142489,1400
C00142596,25286
C00142695,5000
C00142711,6990
C00142786,13950
C00142836,38879
C00142844,1500
C00142935,1000
C00143065,12000
C00143164,250
C00143206,9927
C00143230,1167224
C00143305,26570
C00143560,3951
C00143743,493139
C00143867,3900
C00143909,6800
C00144063,12250
C00144170,7050
C00144261,10069
C00144311,63402
C00144345,3500
C00144576,18929
C00144709,700
C00144766,1749734
C00144774,55284
C00144824,979
C00145037,700
C00145342,63207
C00145623,144600
C00145722,9500
C00146472,39080
C00146480,52000
C00146571,325
C00146605,24144
C00146969,25800
C00147066,82847
C00147173,488173
C00147231,5000
C00147512,23456
C00147702,3000
C00147736,3575
C00147975,441885
C00147983,174420
C00148031,6650
C00148098,2159
C00148155,75500
C00148510,2600
C00148528,1520
C00148536,500
C00148783,30608
C00148882,83749
C00149013,152400
C00149104,12610
C00149120,600
C00149484,5450
C00149583,3234
C00149641,40747
C00149948,2000
C00150151,8999
C00150367,1057598
C00150656,366102
C00150672,1139821
C00150755,18250
C00150805,250
C00150995,509143
C00151019,21837
C00151027,5400
C00151043,24875
C00151282,21950
C00151332,12482
C00151340,268927
C00151357,4300
C00151563,355
C00151787,5000
C00151811,227
C00152298,15960
C00152579,15000
C00152983,6523
C00153031,439477
C00153171,250
C00153379,6340
C00154104,2700
C00154112,4786
C00155069,1883
C00155119,78025
C00155184,1250
C00155358,27450
C00155366,12616
C00155440,3175
C00155564,2000
C00155713,27150
C00155952,312216
C00156166,23325
C00156216,4000
C00156471,2889
C00156810,1409473
C00156935,20150
C00157412,250
C00157537,5600
C00157677,1800
C00157875,500
C00157941,6050
C00158022,69000
C00158402,99460
C00158576,957492
C00158873,750
C00158881,6800
C00158899,13850
C00158980,256700
C00158998,800
C00159319,54457
C00159418,407
C00159855,8054
C00159954,25830
C00160077,8500
C00160085,4882
C00160259,117950
C00160515,4050
C00160630,73342
C00160770,17368
C00160937,131614
C00160978,3750
C00160986,4930
C00161067,53150
C00161141,2900
C00161414,8900
C00161570,19470
C00161604,19500
C00161786,313701
C00161810,421869
C00161901,12110
C00162198,1018
C00162339,2624868
C00162578,207391
C00162719,32000
C00162735,112500
C00163048,59349
C00163113,3000
C00163154,16325
C00163212,500
C00163253,750
C00163311,7075
C00163626,24550
C00163832,250
C00164004,7770
C00164137,500
C00164145,42734
C00164152,31263
C00164236,250
C00164293,3400
C00164392,85956
C00164418,2239798
C00164848,8248
C00164939,109565
C00165142,3950
C00165159,19400
C00165282,14650
C00165548,7300
C00165589,5099
C00165605,500
C00165621,172564
C00165688,413245
C00165803,16980
C00165878,7000
C00165944,23100
C00166074,61251
C00166082,2100
C00166223,131440
C00166272,3822
C00166348,234636
C00166355,24750
C00166512,32700
C00166553,29190
C00166710,262676
C00166884,34600
C00166892,40650
C00166926,30204
C00167007,20000
C00167015,1691213
C00167130,487878
C00167213,387426
C00167320,364237
C00167346,284229
C00167627,14000
C00167668,44027
C00167684,33646
C00167759,111241
C00167916,58000
C00168070,96136
C00168120,15900
C00168203,3475
C00168542,15917
C00168575,45277
C00168864,14472
C00168880,685
C00169201,4107
C00169383,4850
C00169441,38600
C00169508,1000
C00169516,13379
C00169789,350
C00169821,50333
C00170175,91911
C00170258,17850
C00170316,13900
C00170480,240
C00170555,26925
C00171330,40200
C00171413,700
C00171504,44250
C00171843,35779
C00171926,11550
C00172205,2950
C00172296,4985
C00172361,6253
C00172387,4200
C00172494,29668
C00172510,687733
C00172601,500
C00172635,30000
C00172775,16674
C00172833,22210
C00172841,85102
C00172858,720
C00172866,30350
C00172940,10440
C00173096,35300
C00173153,152587
C00173161,14150
C00173278,650
C00173369,500
C00173393,1700
C00173559,19775
C00174011,4800
C00174227,100550
C00174334,10550
C00174367,3575
C00174391,41495
C00174599,64550
C00174607,224
C00174763,5207
C00174821,2430
C00175091,9960
C00175521,6900
C00175976,9330
C00176388,30629
C00176396,5200
C00176420,115920
C00176628,6750
C00176727,37394
C00176834,355250
C00177469,1550
C00177550,600
C00177741,23100
C00177758,200
C00177766,160071
C00177972,7592
C00178012,10350
C00178038,339834
C00178053,18100
C00178269,1000
C00178517,2750
C00178541,1350
C00178798,4500
C00179010,15835
C00179275,11500
C00179408,108921
C00179473,112931
C00180901,1950
C00181230,6000
C00181529,5820
C00181792,1300
C00181826,63132
C00182931,12925
C00182964,22975
C00182980,15000
C00183087,13404
C00183376,47550
C00183996,5000
C00184028,8764
C00184143,97917
C00184374,1690
C00184382,1400
C00184630,537
C00184838,6000
C00185124,2950
C00185173,300
C00185520,11051
C00185652,6423
C00185686,30511
C00185694,25170
C00185884,146750
C00186064,9020
C00186288,364748
C00186353,6900
C00187096,1750
C00187138,5552
C00187450,805343
C00187526,155383
C00187799,18691
C00188011,4380
C00188078,400
C00188177,35219
C00188193,141350
C00188367,235231
C00188987,20535
C00189126,250
C00190785,26450
C00190876,359550
C00190934,42788
C00191247,20930
C00191288,102668
C00191346,14820
C00191387,38000
C00191478,5400
C00192062,4830
C00192153,1500
C00192302,14850
C00192468,13450
C00192526,1000
C00192906,7350
C00193144,2250
C00193177,39750
C00193433,6503803
C00193474,16717
C00193631,126034
C00193672,12900
C00193730,1250
C00193854,4650
C00193979,21580
C00194084,1450
C00194126,1990
C00194225,109600
C00194340,5700
C00194555,9850
C00194647,200
C00194746,70530
C00194852,12435
C00195024,51250
C00195263,1000
C00195305,4500
C00195362,56500
C00195388,7498
C00195578,400
C00195586,15499
C00195701,1900
C00195891,3085
C00195966,8000
C00196089,92270
C00196246,841948
C00196253,21973
C00196311,1000
C00196428,7450
C00196444,90103
C00196634,500
C00196709,2450
C00196725,94925
C00196824,22329
C00197061,832
C00197095,33103
C00197202,6890
C00197228,13850
C00197244,12582
C00197715,92041
C00197749,231750
C00197863,41638
C00198069,5623
C00198259,250
C00198606,1831
C00198861,10600
C00199158,300
C00199257,17833
C00199463,1500
C00199471,2220
C00199570,8425
C00199653,6675
C00199703,18400
C00199786,124486
C00199802,29875
C00199869,11250
C00199950,106700
C00200089,14620
C00200139,5000
C00200188,118788
C00200204,14498
C00200337,18450
C00200634,5000
C00200642,46425
C00200659,29660
C00200667,1950
C00200907,6000
C00201194,78422
C00201491,1146
C00201509,107530
C00201863,9000
C00201871,75449
C00201947,14400
C00202804,10350
C00202861,55000
C00203059,780
C00203182,70192
C00204008,71698
C00204099,5060
C00204180,1000
C00204388,32050
C00204453,171081
C00205047,19000
C00205120,25900
C00205369,34758
C00205393,1900
C00205401,48389
C00205500,61512
C00206052,1500
C00206136,1178
C00206672,51681
C00207258,1800
C00207399,3412
C00207472,24697
C00207795,250
C00207944,5950
C00207969,7670
C00208322,19780
C00208462,16180
C00208983,11626
C00208991,269441
C00209569,5750
C00209833,14299
C00209841,10700
C00209940,6000
C00210344,18525
C00210526,410
C00210617,4900
C00211037,20261
C00211235,49050
C00211250,15538
C00211318,1262835
C00211375,7500
C00211524,44568
C00211615,12174
C00211730,485
C00211763,64919
C00212142,130049
C00212308,65775
C00212522,20037
C00212787,25849
C00212803,1575
C00212902,30000
C00213066,145940
C00213074,15900
C00213173,9800
C00213231,250
C00213348,13645
C00213520,14750
C00213819,45510
C00213967,875
C00214148,10210
C00214338,43650
C00214379,11000
C00214601,59150
C00214809,8000
C00214866,1000
C00214924,9250
C00214965,4425
C00214981,200
C00215046,116904
C00215053,10189
C00215061,15950
C00215129,10005
C00215202,2120
C00215236,75239
C00215285,342073
C00215384,500
C00215558,4750
C00215590,500
C00216028,1125
C00216127,16737
C00216358,810
C00216556,6223
C00216614,40735
C00216754,1261
C00216895,86066
C00217216,219410
C00217323,2000
C00217638,238150
C00217661,35535
C00217687,7000
C00217737,3222
C00217877,22624
C00217885,61940
C00217984,52320
C00218040,1512
C00218172,104435
C00218263,23955
C00218289,95550
C00218891,62144
C00219121,1000
C00219444,97975
C00219642,641300
C00219717,12650
C00220053,23350
C00220566,69000
C00220608,2000
C00220764,86002
C00221168,1064026
C00221226,10775
C00221507,4700
C00221861,495001
C00221887,132164
C00222000,71350
C00222570,55875
C00224105,30575
C00224147,2350
C00224287,12295
C00224493,12500
C00224618,54000
C00224725,29755
C00225300,2000
C00225367,28616
C00225524,6211
C00225763,2500
C00226464,6000
C00226472,58708
C00226886,800
C00227397,25250
C00227546,1572475
C00227744,1224725
C00228106,6550
C00228122,2400
C00228247,2950
C00228296,139390
C00228379,10000
C00228858,9300
C00229203,133516
C00229286,45250
C00229328,500
C00229385,5600
C00229435,23500
C00229534,500
C00230185,14750
C00230342,109519
C00230722,347
C00231076,27844
C00231233,3500
C00231373,264
C00231407,89995
C00231597,2010
C00231670,20630
C00231936,750
C00231951,11400
C00232173,1600
C00232256,61215
C00232264,15810
C00232611,9000
C00232629,221920
C00232843,61100
C00232967,4000
C00233247,19953
C00233304,84740
C00233353,192933
C00233361,6750
C00233981,5250
C00234120,16880
C00234245,35035
C00234641,25480
C00234708,2520
C00234716,15500
C00235036,34800
C00235069,5000
C00235184,14390
C00235309,146700
C00235481,6490
C00235572,25000
C00235655,164303
C00235739,27673
C00235762,1050
C00235853,360267
C00235861,1000
C00235879,1150
C00235911,428
C00235929,27457
C00236034,8990
C00236067,62050
C00236083,30000
C00236109,862
C00236174,1160
C00236323,540
C00236372,7050
C00236414,52725
C00236430,500
C00236489,265232
C00236588,2400
C00236596,126493
C00236661,650
C00236687,45998
C00236760,2958
C00236778,8337
C00236968,16177
C00237065,90560
C00237156,19200
C00237180,35050
C00237263,500
C00237404,25550
C00237495,131836
C00237644,450
C00238147,34614
C00238204,26105
C00238311,1524
C00238618,2500
C00238725,8315
C00238782,3000
C00239285,48950
C00239400,7011
C00239749,7000
C00239848,16250
C00239947,90415
C00240051,10000
C00240093,5000
C00240218,7490
C00240226,500
C00240457,16350
C00240903,11350
C00240911,50400
C00241000,6075
C00241083,240323
C00241323,53900
C00241380,101210
C00241398,5100
C00241851,21025
C00242024,17618
C00242040,47415
C00242057,72985
C00242263,43875
C00242271,6000
C00242370,200
C00243220,15250
C00243444,26000
C00243659,3450
C00243675,16750
C00243865,500
C00244400,30699
C00244426,296217
C00244533,7500
C00244657,5500
C00244863,141205
C00245548,57555
C00245910,2367
C00246033,26680
C00246306,153050
C00246348,200
C00246678,3475
C00246736,7820
C00246827,37750
C00247148,24790
C00247262,9094
C00247403,93662
C00247569,20273
C00247981,2450
C00248047,750
C00248054,26700
C00248195,64391
C00248245,78980
C00248310,2500
C00248427,27550
C00248641,119490
C00248658,71610
C00248716,134150
C00248799,7750
C00248849,95300
C00248864,20882
C00248948,60500
C00249078,20800
C00249250,450
C00249342,42018
C00249532,7850
C00249581,12250
C00249896,25450
C00249961,2050
C00249995,26900
C00250027,76155
C00250068,37100
C00250134,31707
C00250209,8857
C00250217,58700
C00250399,1795530
C00250407,6900
C00250464,3540
C00250589,200
C00250753,1400
C00250993,7225
C00251009,300
C00251132,35625
C00251157,1500
C00251447,179698
C00251751,720
C00251801,131209
C00251835,790055
C00251843,1800
C00251876,39868
C00251942,5900
C00252338,111550
C00252551,71762
C00252684,15400
C00252791,1650
C00252866,7900
C00252940,1506933
C00253153,148080
C00253260,200469
C00253369,9250
C00253427,2310
C00253468,12008
C00253583,1500
C00253609,7740
C00253880,17399
C00253906,48925
C00254201,170626
C00254219,5000
C00254268,14584
C00254466,7694
C00254490,11050
C00254847,121070
C00254953,6963
C00255091,11840
C00255224,9850
C00255257,40060
C00255323,17800
C00255356,550
C00255406,21800
C00255695,1387542
C00255752,1245662
C00255778,15866
C00255877,1600
C00256230,7600
C00256313,5400
C00256453,33684
C00256461,10250
C00256958,250
C00257246,15000
C00257279,41100
C00257329,71555
C00257519,54281
C00257527,300
C00258210,13881
C00258228,12650
C00258236,6490
C00258277,655239
C00258590,41214
C00259135,55133
C00259572,34650
C00260141,12368
C00260331,28250
C00260737,21950
C00261339,131003
C00261891,53925
C00262048,1100
C00262295,56606
C00262303,32605
C00263053,2425
C00263483,7125
C00263723,15850
C00263731,62511
C00263970,10000
C00264382,500
C00264770,9595
C00265009,12550
C00265124,178300
C00265546,1211
C00265553,7733
C00265561,1250
C00265595,17650
C00265603,22260
C00265652,6050
C00266031,9097
C00266387,106900
C00266460,4680
C00266536,69226
C00266551,10000
C00266585,121260
C00266759,979291
C00267245,1260
C00268300,14750
C00268755,400
C00268904,9000
C00269241,10120
C00269407,163850
C00269779,103500
C00270413,3878
C00270736,167800
C00270868,11725
C00270934,248299
C00271007,16819
C00271098,18350
C00271338,384791
C00271742,17259
C00273003,37116
C00273136,22800
C00273466,213
C00273755,450
C00274001,101892
C00274019,4200
C00274027,4800
C00274274,30040
C00274423,1450
C00274431,25100
C00274894,1900
C00274944,93650
C00275123,37967
C00275230,8616
C00275297,200
C00275446,8900
C00275529,23800
C00275560,91450
C00275909,123051
C00276204,7995
C00276212,1710
C00276360,1300
C00276485,1945
C00276519,225
C00276592,18476
C00276659,1600
C00276774,25000
C00277012,20882
C00277038,19105
C00277152,44920
C00277236,925
C00277335,4268
C00277350,26000
C00277541,45868
C00278101,32630
C00278275,280
C00278283,5200
C00278333,6669
C00278424,6000
C00278689,25250
C00278713,898
C00278812,2204
C00278895,1180
C00279133,5000
C00279182,49525
C00279216,1000
C00279331,4230
C00279380,126418
C00279455,1250
C00279489,18000
C00279497,11932
C00279505,11005
C00279604,5500
C00279653,2500
C00279802,474664
C00279828,9575
C00279927,44152
C00280008,19913
C00280040,10400
C00280156,12300
C00280222,625650
C00280321,196032
C00280529,7000
C00280743,3902
C00280909,200
C00280941,2000
C00281162,26082
C00281188,11000
C00281212,250
C00281220,1720
C00281428,11000
C00281675,6550
C00281717,9000
C00281923,51500
C00281931,1050
C00282004,229200
C00282020,77734
C00282038,85233
C00282103,1000
C00282186,250
C00282210,570
C00282319,460
C00282327,149341
C00282343,246027
C00282459,1395
C00282731,19550
C00282863,2125
C00283101,8450
C00283135,25240
C00283259,24000
C00283432,665
C00283440,50525
C00283457,950
C00283523,112700
C00283572,1200
C00284018,1700
C00284596,15000
C00284646,17640
C00284810,73264
C00284885,98500
C00285098,64450
C00285387,14000
C00285411,400
C00285429,4280
C00286401,7266
C00286419,15605
C00286583,67950
C00286591,7500
C00286617,22500
C00286807,9635
C00286880,203100
C00286922,400
C00287003,173275
C00287300,1750
C00287508,1634
C00287524,1500
C00287714,65428
C00287847,23460
C00288217,10200
C00288613,1125
C00288712,1500
C00289041,22788
C00289058,22775
C00289165,3335
C00289728,850
C00289777,1335
C00290098,6000
C00290437,7250
C00290502,99295
C00290866,5925
C00290890,500
C00290973,2500
C00291047,1800
C00291393,9650
C00291799,3000
C00291880,1050
C00291914,3061
C00291922,45800
C00292094,2529
C00292102,32933
C00292318,63000
C00292367,1318
C00292938,4900
C00292946,881981
C00293076,500
C00293100,1900
C00293498,4915
C00293670,1200
C00293761,5000
C00293829,500
C00293902,6000
C00293910,15532
C00294371,3750
C00294926,3800
C00295097,69350
C00295360,24800
C00295527,9000
C00295600,21000
C00295642,2516
C00295758,19700
C00295964,9835
C00296020,231
C00296269,3950
C00296301,5000
C00296533,200
C00296616,2365
C00296624,87000
C00296632,63793
C00296640,312243
C00296657,19417
C00296822,300
C00296962,30205
C00297077,8000
C00297085,1250
C00297119,31850
C00297184,7375
C00297226,11305
C00297242,31322
C00297531,9425
C00297614,29050
C00297622,10790
C00297630,1680
C00297739,750
C00297853,6000
C00297911,2400
C00297945,427
C00298000,12240
C00298141,10000
C00298190,14825
C00298232,15950
C00298356,592
C00298562,14795
C00298596,10950
C00298828,6250
C00298885,3226
C00298976,500
C00299149,20500
C00299321,70950
C00299339,1735
C00299396,44825
C00299446,7400
C00299495,1000
C00299511,1000
C00299628,5500
C00299701,196709
C00299750,1500
C00299842,5160
C00300178,11960
C00300236,1000
C00300327,2000
C00300335,4800
C00300376,700
C00300418,29204
C00300426,24600
C00300483,621771
C00300525,15100
C00300665,1000
C00300707,228847
C00300731,16582
C00300814,250
C00300863,72400
C00300921,575405
C00300939,58019
C00301143,10000
C00301192,2700
C00301218,10240
C00301259,2209
C00301325,61021
C00301358,37960
C00301366,893356
C00301424,650
C00301457,56418
C00301606,17980
C00301655,7050
C00301663,3500
C00301671,18900
C00301853,786
C00301879,2250
C00301887,64300
C00301929,101650
C00301952,52550
C00302059,31000
C00302067,278150
C00302166,200
C00302174,4109
C00302232,7877
C00302240,18350
C00302299,18250
C00302414,31910
C00302521,10408
C00302588,784532
C00302687,40250
C00302703,14550
C00302711,1015
C00302729,4246
C00302810,2250
C00302844,10000
C00302950,15310
C00303024,87370
C00303032,37382
C00303073,134543
C00303156,105250
C00303321,16550
C00303339,536269
C00303347,10600
C00303461,12190
C00303503,55000
C00303685,200
C00303768,1700
C00303883,6656
C00303958,2295
C00303966,1100
C00304030,13000
C00304196,4439
C00304378,25650
C00304410,12750
C00304634,93474
C00304642,10200
C00304782,1240
C00304832,42551
C00304964,1897
C00305029,31750
C00305102,3500
C00305151,500
C00305177,8620
C00305185,1250
C00305268,18391
C00305318,63300
C00305532,121250
C00305573,7460
C00305599,10000
C00305607,27590
C00305706,1150
C00305789,900
C00305797,118250
C00305805,354120
C00305870,250
C00305979,800
C00306175,112951
C00306399,10750
C00306449,112000
C00306613,12400
C00306662,5650
C00306670,61451
C00306902,600
C00307249,5451
C00307272,5000
C00307371,250
C00307405,960589
C00307637,2700
C00307769,50681
C00307777,85750
C00307827,101425
C00307991,180250
C00308460,4105
C00308478,12630
C00308718,18750
C00308825,300
C00309088,15300
C00309120,32500
C00309195,15250
C00309286,6450
C00309468,39664
C00309526,42350
C00309567,2000
C00309781,26500
C00310748,8400
C00311142,23840
C00311159,233700
C00311308,16350
C00311597,1750
C00311621,5750
C00311738,1000
C00311878,1000
C00311944,35168
C00312082,13675
C00312223,34253
C00312579,27000
C00312777,21500
C00312785,50767
C00313312,11884
C00313650,300
C00313700,10350
C00314054,5550
C00314179,5650
C00314617,115095
C00314625,19150
C00314641,131880
C00314815,55550
C00315275,223600
C00315317,1000
C00315713,34770
C00315747,63000
C00316240,1600
C00316331,17200
C00316414,9450
C00316455,8049
C00316786,2000
C00316976,300
C00317206,10400
C00317297,1400
C00317446,8350
C00317479,161800
C00317511,2950
C00317529,1710
C00317735,12500
C00317784,22725
C00317883,42060
C00318204,60022
C00318287,2335
C00318311,2100
C00318378,70688
C00318519,35187
C00318766,8370
C00318790,500
C00318816,905
C00318899,3000
C00318907,296
C00319038,1000
C00319194,5150
C00319319,5650
C00319368,32100
C00319392,1100
C00319467,2250
C00319509,5950
C00319582,91400
C00319681,550
C00319699,9881
C00319723,3400
C00319731,500
C00319772,538856
C00319947,250
C00319962,1300
C00320002,4920
C00320044,1322
C00320101,56516
C00320143,36500
C00320291,45710
C00320374,2500
C00320432,37375
C00320580,5250
C00321083,7067
C00321141,4742
C00321158,21900
C00321406,550
C00321448,431
C00321497,71650
C00321596,7000
C00321810,9750
C00321844,1000
C00321893,700
C00321927,2000
C00321943,1650
C00321992,15100
C00322149,1900
C00322172,11500
C00322321,8465
C00322446,1250
C00322479,610
C00322537,1000
C00322560,52825
C00322727,55791
C00322768,6320
C00322875,6500
C00322891,38895
C00323048,94300
C00323196,16568
C00323253,9650
C00323337,272
C00323352,125100
C00323360,145700
C00323501,4350
C00323576,18450
C00323659,17120
C00323709,371
C00323923,15335
C00324103,1500
C00324350,12060
C00324467,60001
C00324483,13397
C00324707,1000
C00324830,3800
C00324871,2500
C00324939,5300
C00324996,1959
C00325035,18000
C00325076,822019
C00325092,28547
C00325159,4500
C00325167,8408
C00325175,200
C00325241,2100
C00325274,12225
C00325324,1200
C00325332,26850
C00325357,177550
C00325365,1000
C00325464,300
C00325555,8979
C00325639,3900
C00325647,9420
C00325779,3000
C00325787,2150
C00325811,17361
C00325845,4600
C00325860,52000
C00325936,238250
C00325969,20500
C00325977,2055
C00325993,354807
C00326009,11500
C00326033,3500
C00326058,3222
C00326082,29000
C00326090,22000
C00326132,1450
C00326199,3250
C00326223,2197
C00326256,14250
C00326330,1500
C00326348,4340
C00326389,12121
C00326405,49999
C00326439,24250
C00326447,4445
C00326462,210
C00326488,8000
C00326496,500
C00326595,26550
C00326637,7000
C00326660,6400
C00326678,1950
C00326736,36500
C00326751,34612
C00326785,5000
C00326827,26150
C00326900,985
C00326918,11780
C00327064,1251
C00327072,9050
C00327106,400
C00327122,24000
C00327155,2200
C00327171,490400
C00327189,46800
C00327239,16000
C00327312,500
C00327353,1050
C00327361,6500
C00327395,158350
C00327411,41150
C00327437,65000
C00327460,34534
C00327502,45996
C00327577,128190
C00327593,6625
C00327668,9844
C00327759,400
C00327783,2170
C00327890,450
C00327908,25427
C00327916,30150
C00328153,3000
C00328278,21250
C00328328,2309
C00328369,159000
C00328401,469100
C00328468,183700
C00328666,172350
C00328799,11950
C00328807,5000
C00328856,30512
C00328914,15500
C00328989,21000
C00329102,8500
C00329136,500
C00329169,49501
C00329185,12550
C00329318,750
C00329417,4100
C00329425,452900
C00329466,35500
C00329474,500
C00329524,832
C00329631,24750
C00329664,8400
C00329698,3000
C00329862,95000
C00329946,4687
C00329953,1750
C00329979,130250
C00330019,20374
C00330068,75150
C00330076,900
C00330118,209717
C00330134,7000
C00330167,78099
C00330217,8372
C00330225,325
C00330233,1000
C00330258,33700
C00330266,5000
C00330290,8750
C00330373,119736
C00330464,124096
C00330498,1000
C00330514,79200
C00330522,3283
C00330647,86500
C00330696,1250
C00330720,6900
C00331017,60600
C00331025,71450
C00331082,17540
C00331090,9250
C00331165,10500
C00331173,33500
C00331306,20794
C00331314,31841
C00331348,7751
C00331363,25850
C00331454,76494
C00331462,500
C00331579,113000
C00331629,1700
C00331660,6500
C00331694,26000
C00331736,1400
C00331744,68375
C00331827,232474
C00331835,207100
C00331850,9000
C00331884,29370
C00331942,21700
C00331991,4302
C00332031,78573
C00332221,83284
C00332254,6500
C00332296,143740
C00332478,2000
C00332775,7350
C00332833,29912
C00332841,15276
C00332924,660
C00332965,14700
C00332973,250
C00333021,1000
C00333104,68100
C00333229,4800
C00333237,11050
C00333591,419152
C00333625,5451
C00333658,26000
C00333666,5175
C00333880,479550
C00334193,32085
C00334201,2050
C00334383,19277
C00334409,250
C00334417,250
C00334425,19800
C00334565,5490
C00334581,7140
C00334656,10364
C00334805,2950
C00334904,50000
C00335000,6900
C00335026,42300
C00335091,15385
C00335109,69550
C00335133,31200
C00335174,15498
C00335232,7740
C00335257,20150
C00335299,106250
C00335364,1500
C00335448,276950
C00335463,21125
C00335471,9400
C00335588,7930
C00335935,15600
C00335976,6000
C00336024,6000
C00336040,73950
C00336057,7050
C00336081,200
C00336131,8075
C00336297,252450
C00336644,190349
C00336693,52020
C00336735,3600
C00336743,447
C00336768,9260
C00336834,200
C00336842,15500
C00336875,15000
C00336891,12350
C00336917,200
C00337113,9750
C00337121,1200
C00337139,4200
C00337188,8400
C00337204,5038
C00337261,357300
C00337295,63982
C00337311,500
C00337337,250
C00337345,2000
C00337394,28820
C00337451,7500
C00337469,1000
C00337626,238051
C00337659,1500
C00337782,17149
C00337840,26000
C00337931,10500
C00337964,10200
C00337972,19929
C00338012,45300
C00338020,2400
C00338079,1750
C00338087,17380
C00338129,284300
C00338269,4500
C00338327,14250
C00338335,29770
C00338343,30400
C00338376,11809
C00338442,28990
C00338459,500
C00338525,5000
C00338616,1030
C00338640,8800
C00338848,150749
C00338921,396
C00338988,648
C00339051,11100
C00339085,131897
C00339093,59500
C00339127,500
C00339226,2426
C00339291,198250
C00339374,68900
C00339390,4000
C00339408,224550
C00339432,1000
C00339473,14750
C00339481,19140
C00339499,52219
C00339531,1000
C00339564,2200
C00339606,6500
C00339655,63600
C00339762,11015
C00339804,10250
C00339820,2225
C00339929,7900
C00339937,7000
C00340018,1400
C00340075,1000
C00340083,245000
C00340158,94000
C00340190,2750
C00340224,1000
C00340232,1655
C00340240,28600
C00340323,2500
C00340356,65750
C00340364,12200
C00340372,15000
C00340422,611
C00340430,7250
C00340455,3420
C00340539,500
C00340554,4600
C00340604,500
C00340661,114176
C00340745,38228
C00340810,31550
C00340828,6817
C00340836,5720
C00340851,59160
C00340877,13000
C00340901,250
C00340992,40924
C00341016,6600
C00341099,2000
C00341164,3800
C00341271,61693
C00341289,49500
C00341313,4300
C00341321,1100
C00341396,57000
C00341404,250
C00341420,9010
C00341545,16547
C00341552,3950
C00341560,35000
C00341586,2900
C00341602,155240
C00341628,380425
C00341636,1000
C00341743,218950
C00341768,106880
C00341784,23250
C00341792,6000
C00341800,21362
C00341826,76090
C00341859,20248
C00341867,1700
C00341933,700
C00341941,500
C00341990,85250
C00342006,5000
C00342022,15150
C00342030,4661
C00342048,769379
C00342063,1300
C00342089,5297
C00342097,122850
C00342105,2850
C00342113,45342
C00342121,47750
C00342162,1250
C00342170,3500
C00342238,46800
C00342246,43100
C00342253,4950
C00342311,130080
C00342378,30082
C00342386,19000
C00342394,95250
C00342402,500
C00342527,1448250
C00342600,1400
C00342659,10000
C00342733,250
C00342758,49226
C00342766,11097
C00342857,296772
C00342873,6000
C00342881,6663
C00342907,6077
C00342931,24900
C00342972,3450
C00342980,747480
C00343020,9550
C00343095,22250
C00343111,4750
C00343129,332200
C00343137,217025
C00343194,76740
C00343269,34130
C00343277,37499
C00343285,12500
C00343343,6926
C00343368,63500
C00343392,33150
C00343426,14000
C00343459,186760
C00343574,4050
C00343582,3031175
C00343590,15300
C00343624,191100
C00343665,17600
C00343673,500
C00343681,19500
C00343715,1500
C00343749,8853
C00343756,7918
C00343947,48801
C00343988,5195
C00343996,12500
C00344010,4000
C00344028,1250
C00344085,1250
C00344127,5500
C00344218,6550
C00344234,1117200
C00344259,47991
C00344325,5725
C00344333,82362
C00344374,30540
C00344580,16800
C00344648,91200
C00344655,1104
C00344663,3326
C00344739,1000
C00344747,1000
C00344754,68494
C00344770,41700
C00344788,766041
C00344838,86565
C00344846,24358
C00344945,22262
C00344952,44000
C00345017,45200
C00345033,29250
C00345041,11000
C00345058,30500
C00345116,56750
C00345124,148935
C00345132,10000
C00345173,6400
C00345199,110410
C00345207,9750
C00345264,250
C00345298,1000
C00345355,29725
C00345439,3750
C00345488,2250
C00345496,32750
C00345587,2450
C00345603,48100
C00345629,243750
C00345660,20546
C00345702,11750
C00345744,102920
C00345777,2450
C00345793,12925
C00345801,225
C00345876,2466305
C00345892,11250
C00345900,39500
C00345918,76500
C00345926,2950
C00345942,1350
C00345959,6160
C00346015,265500
C00346023,8560
C00346098,30000
C00346130,6310
C00346189,12252
C00346197,21000
C00346239,53390
C00346254,500
C00346288,24500
C00346346,1500
C00346353,164450
C00346395,300
C00346411,18250
C00346445,1700
C00346536,123400
C00346635,84580
C00346643,7000
C00346650,11000
C00346718,66250
C00346726,21850
C00346775,3600
C00346916,1000
C00346940,1700
C00347013,3750
C00347021,7300
C00347062,113025
C00347112,13522
C00347146,5500
C00347153,4951
C00347195,39500
C00347229,122424
C00347245,17250
C00347286,6120
C00347328,13800
C00347344,437125
C00347351,810213
C00347385,115850
C00347401,250
C00347443,21500
C00347542,4000
C00347641,18200
C00347658,15080
C00347724,4000
C00347807,7200
C00347864,10271941
C00347922,500
C00347948,11535364
C00347955,48026
C00347989,12000
C00347997,417125
C00348011,9100
C00348045,93200
C00348110,2750
C00348128,1455
C00348144,65225
C00348185,14800
C00348219,1750
C00348227,39225
C00348243,850
C00348276,77000
C00348300,114250
C00348342,22400
C00348359,116580
C00348433,102800
C00348441,3550
C00348524,27090
C00348540,1050
C00348599,1021249
C00348607,64000
C00348623,5500
C00348714,2500
C00348771,1800
C00348797,930
C00348839,20250
C00348896,119835
C00348938,127200
C00348946,625
C00349092,18500
C00349126,501110
C00349191,9200
C00349233,188968
C00349266,1635
C00349449,420
C00349480,6600
C00349548,4489
C00349613,24500
C00349621,5750
C00349704,450
C00349753,97750
C00349761,20000
C00349878,7500
C00349902,29263
C00349910,5500
C00349936,6500
C00349969,22600
C00349993,4850
C00350009,4300
C00350025,6800
C00350066,26000
C00350074,2975
C00350090,48947
C00350108,21074
C00350116,24500
C00350249,37000
C00350280,12500
C00350330,1389850
C00350355,425
C00350363,83050
C00350439,166400
C00350447,37000
C00350462,37550
C00350553,5186050
C00350702,11020
C00350728,89574
C00350744,392550
C00350835,50250
C00350850,2340
C00350884,250
C00350918,270
C00350991,92925
C00351015,3700
C00351031,8500
C00351049,25000
C00351056,3250
C00351189,8600
C00351197,115250
C00351205,178000
C00351270,73500
C00351353,2250
C00351445,14000
C00351452,16400
C00351486,21500
C00351494,4700
C00351635,103000
C00351650,1500
C00351676,2801
C00351841,5535
C00351924,11750
C00352021,50000
C00352047,500
C00352054,108250
C00352211,1755
C00352294,2150
C00352443,1000
C00352500,313950
C00352526,129400
C00352609,1050
C00352682,17750
C00352740,5000
C00352757,88000
C00352807,60000
C00352872,9250
C00352922,5200
C00352930,2457
C00352948,3431
C00352963,53250
C00353144,1900
C00353151,1000
C00353169,21382
C00353227,35700
C00353250,2800
C00353284,15050
C00353292,1000
C00353334,11250
C00353383,2684
C00353417,31550
C00353482,12150
C00353573,33420
C00353656,57750
C00353755,13250
C00353763,1295
C00353789,2225
C00353797,3230
C00353888,28400
C00353953,31784
C00354019,1000
C00354076,2915
C00354175,20000
C00354233,950
C00354241,84000
C00354290,600
C00354308,46500
C00354316,2500
C00354548,83410
C00354571,72638
C00354605,700
C00354639,19000
C00354753,15725
C00354837,4530
C00354845,8350
C00354860,10200
C00354894,1000
C00354928,500
C00355032,2535
C00355040,1331
C00355065,4277
C00355099,265144
C00355149,18000
C00355156,130500
C00355271,224300
C00355305,3650
C00355347,440
C00355370,13000
C00355388,21775
C00355396,5750
C00355420,447
C00355446,4900
C00355479,1650
C00355586,969354
C00355628,1450
C00355669,66503
C00355677,48000
C00355701,3980
C00355719,9800
C00355727,450
C00355792,500
C00355800,300
C00355826,4100
C00355891,7116
C00355917,27500
C00355925,650
C00355933,7250
C00355941,27445
C00355958,7650
C00356089,3000
C00356154,634
C00356220,38400
C00356253,750
C00356261,4600
C00356279,958850
C00356287,57000
C00356329,1000
C00356345,92200
C00356360,900
C00356378,20500
C00356477,3000
C00356485,900
C00356493,18048
C00356543,11200
C00356576,358298
C00356634,1500
C00356642,5000
C00356691,21170
C00356725,101850
C00356808,36500
C00356816,300
C00356840,43189
C00356915,8500
C00356949,2500
C00357012,745
C00357020,5773
C00357095,1000
C00357129,2500
C00357160,1500
C00357251,5000
C00357285,2500
C00357319,1007
C00357335,99400
C00357343,276500
C00357376,359330
C00357426,15000
C00357483,1000
C00357558,1309
C00357616,7650
C00357640,800
C00357657,37200
C00357665,14000
C00357673,1135
C00357723,13586
C00357731,3500
C00357764,5700
C00357822,315595
C00357863,37651
C00357889,23500
C00357897,1500
C00357921,1000
C00357962,500
C00358051,8850
C00358119,3750
C00358127,4071
C00358291,250
C00358366,1600
C00358440,3500
C00358465,1165
C00358515,2075
C00358531,1287
C00358564,13398
C00358572,2300
C00358580,1350
C00358598,1500
C00358606,21550
C00358614,21750
C00358671,178329
C00358747,13725
C00358754,3717
C00358796,4000
C00358812,4825
C00358853,1057
C00358937,133375
C00358960,7500
C00358978,5000
C00358986,4800
C00358994,2700
C00359075,85400
C00359117,260800
C00359125,8363
C00359174,255350
C00359190,10000
C00359208,1885
C00359216,1000
C00359240,70600
C00359299,37750
C00359307,9000
C00359356,500
C00359422,33250
C00359448,23250
C00359455,1600
C00359463,5500
C00359539,48600
C00359554,8530
C00359562,3350
C00359588,13500
C00359604,500
C00359661,11220
C00359703,49525
C00359711,74790
C00359729,82675
C00359737,6000
C00359802,847745
C00359836,1049
C00359869,5000
C00359885,20175
C00359976,6100
C00359984,34825
C00359992,3200
C00360016,197000
C00360024,75750
C00360040,69968
C00360065,8097
C00360073,435
C00360115,21000
C00360164,10950
C00360198,17950
C00360214,3000
C00360248,470
C00360255,73250
C00360263,25800
C00360305,40400
C00360313,116932
C00360321,8050
C00360354,56500
C00360362,24050
C00360420,7500
C00360438,5000
C00360495,800
C00360545,1350
C00360594,4717
C00360636,300
C00360644,500
C00360701,3600
C00360719,10200
C00360750,298400
C00360776,400
C00360792,59300
C00360842,3250
C00360867,2250
C00360875,2790
C00360941,233
C00360974,37000
C00361006,272567
C00361014,2200
C00361022,950
C00361048,500
C00361147,2247
C00361162,2500
C00361246,9750
C00361253,4080
C00361311,4200
C00361386,1000
C00361410,28000
C00361485,1000
C00361493,5500
C00361618,15000
C00361659,70850
C00361667,11250
C00361733,8000
C00361758,45000
C00361766,2500
C00361774,44500
C00361782,3800
C00361824,1350
C00361832,4054
C00361840,140100
C00361857,9350
C00361865,1600
C00361881,2000
C00361931,133950
C00361956,4000
C00361972,8800
C00361980,102000
C00362020,13000
C00362046,1000
C00362061,11248
C00362129,536
C00362145,1100
C00362178,7250
C00362210,6000
C00362228,306
C00362236,15745
C00362251,32825
C00362269,65950
C00362285,2750
C00362293,205550
C00362301,650
C00362327,500
C00362376,5000
C00362384,6000
C00362434,15000
C00362442,500
C00362533,4000
C00362541,2150
C00362566,400
C00362616,5450
C00362632,444849
C00362673,2257
C00362723,24500
C00362756,2115
C00362772,4950
C00362798,1350
C00362855,2000
C00362871,500
C00362913,5000
C00362921,2500
C00362939,3250
C00362954,3300
C00362970,550
C00362996,927
C00363010,4300
C00363051,2000
C00363085,750
C00363093,40000
C00363127,7000
C00363150,3900
C00363184,2500
C00363200,10000
C00363226,1000
C00363259,8800
C00363267,4400
C00363275,4400
C00363283,10500
C00363317,11000
C00363358,6865
C00363374,25150
C00363390,260950
C00363416,4250
C00363432,2200
C00363481,7850
C00363515,11200
C00363523,500
C00363614,2000
C00363622,3000
C00363630,14500
C00363648,1000
C00363671,10000
C00363705,3250
C00363846,12000
C00363853,250
C00364307,7400
C00364430,40000
C00364489,1600
C00365494,18305
C00369025,2100
C00377937,1000
C00383679,200
C00416982,7950
C00439729,702958
C60000015,152589309
C60000023,849550
C60000064,743401
C60000080,22294281
C60000098,5753956
C60000106,3807808
C60000114,371100
C60000148,35987729
C60000155,1643533
C60000171,1375654
C60000205,42066166
C60000239,1694000
C60000247,14098700
C60000254,50667749
C60000262,43154062
C60000288,12740388
C60000312,1032687
C60000338,1209676
C60000478,1430765
C60000510,1526600
C60000536,5940000
C60000544,2521000
C60000593,428931
C60000601,7960100
C60000619,21394008
C60000635,43385
C60000650,2239993
C60000668,7079449
C60000676,5813926
C60000692,13039197
C60000734,1108488
C60001146,25000
C60001153,2437800
C60001161,270000
C60001237,157925
C60001245,8819958
C60001286,2105000
C60001294,910475
C60001302,29170
C60001310,5461836
C60001328,335667
C60001336,344250
C60001344,182500
C60001351,810845
C60001369,3885000
C60001377,1640000
C60001385,1133951
C60001393,2092534
C60001401,675000
C60001419,150000
C60001427,4132834
C60001435,269071
C60001443,717500
C60001450,17396043
C60001468,5058862
C60001476,3138298
C60001484,1258352
C60001492,9496796
C60001500,60000
C60001518,6435228
C60001526,128750
C60001534,43249
C60001542,1271267
C60001559,463821
C60001575,528728
C60001583,240000
C60001591,165500
C60001609,46000
C60001617,6468152
C60001625,2410887
C60001633,616847
C60001641,149500
C60001658,1961439
C60001666,10000
C60001674,75000
C60001690,40900
C60001708,30000
C60001716,74000
C60001724,70000
C90006149,2800
C90006164,200
C90006511,1000
C99002396,10650
N00000010,249800
N00000011,953545
N00000019,20906669
N00000036,57769
N00000048,23211
N00000078,657150
N00000086,1879285
N00000113,3500
N00000133,25430
N00000140,827501
N00000143,243570
N00000153,192553
N00000160,21600
N00000161,4500
N00000167,46875
N00000177,4495
N00000179,351310
N00000183,500
N00000205,1133900
N00000219,21098
N00000220,13600
N00000226,371424
N00000232,1000
N00000235,1000
N00000237,15450
N00000243,8250
N00000245,2040036
N00000256,742440
N00000260,500
N00000266,3200336
N00000267,285034
N00000270,496688
N00000275,180145
N00000280,405360
N00000292,250
N00000308,4020578
N00000312,200
N00000324,1000
N00000326,22663
N00000340,1061902
N00000342,3000
N00000344,2313
N00000349,4775
N00000360,1092282
N00000362,484605
N00000369,2225
N00000393,7118323
N00000397,251095
N00000423,322297
N00000444,5400
N00000461,3200
N00000469,334177
N00000480,1121778
N00000491,65100
N00000492,29967
N00000496,127749
N00000516,96465
N00000528,50550
N00000534,582746
N00000536,8450
N00000561,549040
N00000574,7850
N00000575,350888
N00000577,3592
N00000581,555100
N00000583,250
N00000585,864790
N00000615,243769
N00000616,2747550
N00000618,13338
N00000622,380
N00000637,801326
N00000638,764873
N00000652,636700
N00000659,51500
N00000664,125387
N00000667,1004568
N00000684,369104
N00000699,1428241
N00000716,129603
N00000723,7441
N00000732,1050
N00000740,316750
N00000743,263950
N00000751,580802
N00000756,2957125
N00000766,1011365
N00000781,447467
N00000802,82407455
N00000810,4387816
N00000817,1478520
N00000826,298050
N00000834,807177
N00000851,339999
N00000854,2494025
N00000857,5900
N00000860,1410114
N00000865,6550
N00000885,20800
N00000901,102500
N00000927,1292
N00000939,564960
N00000948,1643
N00000950,500
N00000964,818559
N00000969,3650
N00000983,517131
N00000999,127200
N00001003,376285
N00001020,318545
N00001024,1162541
N00001025,2000
N00001026,288313
N00001049,592645
N00001061,250
N00001070,6716
N00001074,177298
N00001076,193717
N00001082,416976
N00001093,4722672
N00001096,315
N00001097,5000
N00001102,160900
N00001110,742860
N00001111,1455598
N00001115,5250
N00001127,373925
N00001128,15400
N00001129,750
N00001143,653236
N00001148,704337
N00001158,14375
N00001160,145188
N00001163,282804
N00001171,178164
N00001176,21752102
N00001182,695372
N00001190,2150
N00001193,295296
N00001201,11000
N00001214,147135
N00001222,268018
N00001226,1000
N00001261,192223
N00001265,13850
N00001267,283575
N00001276,76000
N00001279,6595
N00001281,104305
N00001290,307718
N00001295,572020
N00001299,1794
N00001305,318200
N00001311,169750
N00001312,750
N00001329,261638
N00001330,7100
N00001332,3000
N00001338,2000
N00001339,110050
N00001371,36691
N00001373,109700
N00001374,4302
N00001380,3815739
N00001381,3600
N00001394,500
N00001395,776110
N00001399,2103670
N00001405,5738
N00001408,371650
N00001413,3500
N00001417,32200
N00001422,143551
N00001427,295823
N00001439,58310
N00001447,28400
N00001451,9900
N00001469,91386
N00001470,26456
N00001479,15106
N00001488,300
N00001489,483239
N00001496,227
N00001500,7800
N00001504,82800
N00001505,869441
N00001509,104118
N00001510,798372
N00001513,14094
N00001518,7100
N00001519,714044
N00001520,262425
N00001529,813795
N00001531,868208
N00001535,248975
N00001542,91800
N00001543,5730
N00001550,500
N00001555,485990
N00001570,1600
N00001571,75985
N00001572,173445
N00001579,1121378
N00001604,97500
N00001609,200
N00001610,787
N00001619,279220
N00001629,2898
N00001631,1499
N00001633,204099
N00001640,500
N00001643,8955
N00001664,1843080
N00001669,913370
N00001685,183600
N00001691,40920
N00001692,72786
N00001725,1114140
N00001746,132950
N00001750,2000
N00001751,1106993
N00001758,57950
N00001764,1895955
N00001774,17800
N00001776,1000
N00001783,189340
N00001784,5750
N00001800,7675
N00001805,478590
N00001806,186528
N00001811,219810
N00001813,34400
N00001817,86405
N00001821,395279
N00001849,182635
N00001856,1900
N00001858,88000
N00001861,155950
N00001885,1721518
N00001916,1000
N00001918,37296
N00001925,422077
N00001927,1200
N00001945,28350
N00001955,205700
N00001971,143350
N00001979,844569
N00002012,61117
N00002017,53196
N00002032,8500
N00002037,250
N00002045,764970
N00002047,1625209
N00002051,2527652
N00002055,108810
N00002057,3810995
N00002061,259752
N00002072,134703
N00002073,148499
N00002074,750
N00002083,444875
N00002091,17300
N00002097,585844
N00002126,88264
N00002140,40105
N00002146,23168
N00002147,47250
N00002151,46150
N00002154,4550
N00002164,7700
N00002167,223253
N00002169,4560
N00002171,154930
N00002175,800
N00002196,685
N00002198,137080
N00002199,49017
N00002200,522169
N00002210,5850
N00002212,5850
N00002214,79400
N00002221,435556
N00002247,79728
N00002249,1250
N00002260,312385
N00002269,476576
N00002283,869727
N00002287,13500
N00002297,90
N00002299,487540
N00002300,200
N00002302,138625
N00002306,1994
N00002311,325227
N00002315,731023
N00002324,9000
N00002327,456607
N00002328,53000
N00002343,5900
N00002351,8850
N00002356,367836
N00002357,4000
N00002377,88101
N00002383,314399
N00002406,500
N00002408,147773
N00002414,171900
N00002416,24950
N00002421,1000
N00002423,234337
N00002424,105650
N00002428,305042
N00002435,9639
N00002460,2000
N00002464,2000
N00002466,6183
N00002468,13444
N00002469,2755
N00002472,282480
N00002485,5123
N00002491,13200
N00002492,429173
N00002496,73900
N00002500,182885
N00002511,219480
N00002526,1355656
N00002527,2185
N00002538,6500
N00002544,100600
N00002545,2733373
N00002556,182196
N00002557,101100
N00002567,602427
N00002577,327897
N00002593,1008459
N00002599,139553
N00002610,83030
N00002613,250
N00002622,7054
N00002630,563991
N00002656,454332
N00002674,348970
N00002678,1800
N00002685,868032
N00002691,721216
N00002713,290200
N00002718,250
N00002742,22000
N00002743,95378
N00002754,456150
N00002782,54120
N00002791,4653559
N00002793,155100
N00002807,309483
N00002830,30
N00002837,12000
N00002839,402605
N00002856,112300
N00002858,91450
N00002872,218000
N00002877,918367
N00002884,162200
N00002898,777295
N00002905,594150
N00002922,3045
N00002926,144350
N00002949,2300
N00002960,59960
N00002962,9750
N00002963,128340
N00002973,82429
N00002982,99819
N00003008,94850
N00003025,89000
N00003028,655127
N00003036,7550
N00003042,609861
N00003049,8781
N00003062,852850
N00003071,185865
N00003083,153400
N00003084,5800
N00003091,129600
N00003108,10224
N00003126,262572
N00003128,45405
N00003136,15367
N00003147,2336931
N00003159,643344
N00003166,1192150
N00003183,24660
N00003195,401395
N00003202,12883
N00003209,216496
N00003214,2500
N00003218,328902
N00003254,140838
N00003258,246201
N00003264,1000
N00003280,215650
N00003288,119334
N00003296,420514
N00003305,16818
N00003327,3050
N00003328,8750
N00003329,1060953
N00003332,3711
N00003339,408635
N00003341,323766
N00003350,67725
N00003363,33681
N00003367,262720
N00003383,181763
N00003389,786015
N00003391,84150
N00003392,1429648
N00003403,8753
N00003410,798
N00003417,86394
N00003428,899458
N00003430,1006426
N00003437,252696
N00003444,291150
N00003464,258092
N00003467,400868
N00003473,211550
N00003476,102175
N00003500,1450
N00003502,4455
N00003504,76295
N00003522,143890
N00003532,207278
N00003535,387763
N00003541,28647
N00003545,217650
N00003561,70250
N00003572,172007
N00003583,535030
N00003588,7205
N00003590,91769
N00003611,15853
N00003617,5580
N00003633,14636
N00003645,84492
N00003647,59655
N00003651,113478
N00003657,30
N00003660,38818
N00003674,7130
N00003675,369107
N00003682,423088
N00003689,427932
N00003709,2709843
N00003716,8000
N00003718,6
N00003720,1750
N00003725,198702
N00003730,94025
N00003734,153965
N00003735,6230
N00003736,145850
N00003758,197829
N00003762,326363
N00003765,709435
N00003780,275
N00003783,4700
N00003789,2551
N00003790,51488
N00003792,16643
N00003813,118414
N00003819,5500
N00003828,181436
N00003842,4000
N00003843,23462
N00003844,111419
N00003868,85209
N00003875,424671
N00003877,13109
N00003878,72850
N00003889,12455
N00003897,364758
N00003910,42175
N00003912,5690
N00003924,189308
N00003938,7760
N00003939,935993
N00003950,312421
N00003958,35912
N00003962,87780
N00003987,8900
N00004005,191600
N00004027,9347
N00004029,186483
N00004045,612866
N00004070,117378
N00004087,50850
N00004094,7860820
N00004113,96310
N00004118,4429816
N00004133,254155
N00004143,14000
N00004145,911630
N00004155,223197
N00004156,34695
N00004166,160311
N00004196,178986
N00004207,648693
N00004208,202231
N00004210,23854
N00004218,1796
N00004221,328892
N00004227,177050
N00004229,42251
N00004252,17125
N00004253,500
N00004255,162454
N00004259,825
N00004267,250
N00004276,122690
N00004278,635967
N00004280,174060
N00004291,80825
N00004300,250
N00004309,4354550
N00004328,3414
N00004330,158820
N00004351,178813
N00004356,2035
N00004357,645268
N00004361,1000
N00004362,533
N00004367,741078
N00004373,9225
N00004375,1000
N00004376,280639
N00004391,224040
N00004394,236281
N00004403,216645
N00004405,5465
N00004422,2500
N00004426,107769
N00004432,397145
N00004436,615899
N00004440,625700
N00004452,32610
N00004456,64625
N00004460,149975
N00004467,275
N00004468,1804982
N00004484,250600
N00004489,76350
N00004495,1385658
N00004503,268028
N00004509,5000
N00004517,24500
N00004519,8226
N00004527,379281
N00004529,114000
N00004539,2550
N00004541,68341
N00004547,281926
N00004551,2731
N00004558,25320
N00004572,663801
N00004582,955
N00004583,70500
N00004586,2179
N00004587,200
N00004594,1000
N00004613,633422
N00004615,11700
N00004623,1700
N00004629,2400
N00004638,1353882
N00004643,198752
N00004644,26800
N00004645,795472
N00004661,300
N00004690,3794049
N00004698,365683
N00004700,154635
N00004702,590887
N00004708,120225
N00004724,447331
N00004745,658374
N00004762,227334
N00004766,2000
N00004781,842411
N00004791,48443
N00004798,7350
N00004801,5605
N00004814,8800
N00004816,399065
N00004836,1000
N00004845,4694
N00004851,2300
N00004856,128081
N00004867,142025
N00004874,169685
N00004884,104340
N00004887,303563
N00004905,359224
N00004912,250115
N00004919,68846
N00004933,405448
N00004939,36450
N00004941,22478
N00004956,305625
N00004961,169982
N00004964,342155
N00004981,1216378
N00004984,8575
N00004991,102070
N00004992,13000
N00005004,2000
N00005020,112836
N00005037,1997375
N00005057,758952
N00005061,45614
N00005086,126620
N00005090,210845
N00005096,500
N00005105,169048
N00005110,7300
N00005119,98474
N00005161,1300
N00005165,4122261
N00005178,25850
N00005182,5058965
N00005195,508656
N00005218,150873
N00005231,3500
N00005233,848691
N00005244,14900
N00005270,1450
N00005282,168468
N00005285,149825
N00005301,461780
N00005303,1690509
N00005312,13985
N00005321,443130
N00005323,4340
N00005329,1105571
N00005331,51594
N00005332,925271
N00005336,8475
N00005345,53130
N00005347,17350
N00005353,98950
N00005358,4000
N00005372,268456
N00005385,14600
N00005395,837099
N00005403,89702
N00005407,287920
N00005414,257249
N00005422,302880
N00005442,1102256
N00005445,47535
N00005455,523506
N00005483,1996
N00005484,300
N00005486,29040
N00005499,146892
N00005517,350
N00005528,488500
N00005551,236949
N00005559,214943
N00005580,372798
N00005582,277717
N00005591,3950
N00005597,176556
N00005598,6170
N00005600,682
N00005608,23483
N00005610,20905
N00005617,16700
N00005619,100
N00005638,321285
N00005645,228224
N00005646,98963
N00005656,279165
N00005675,2011192
N00005677,781460
N00005681,845678
N00005685,448
N00005706,1148699
N00005709,846697
N00005724,877383
N00005731,115750
N00005736,250
N00005761,16326
N00005794,482658
N00005805,526610
N00005818,230050
N00005832,199597
N00005870,136765
N00005883,128250
N00005885,6918
N00005887,454846
N00005888,4850
N00005892,453274
N00005906,633748
N00005918,3800
N00005928,587046
N00005960,260102
N00005985,538023
N00005998,338850
N00006008,306355
N00006023,140825
N00006040,5
N00006052,373050
N00006055,199550
N00006060,214625
N00006062,3937
N00006067,261122
N00006089,1816
N00006096,500
N00006100,239
N00006103,432293
N00006110,23722
N00006116,2900
N00006134,250466
N00006135,700
N00006151,1200
N00006157,2200
N00006168,5517
N00006171,1500
N00006177,750
N00006180,497
N00006182,64895
N00006202,87266
N00006213,426179
N00006220,2180
N00006242,169632
N00006246,259221
N00006249,36243
N00006263,163352
N00006264,1100
N00006267,10350
N00006274,134164
N00006286,500
N00006287,1000
N00006312,162950
N00006347,33550
N00006348,56205
N00006349,65051
N00006354,5500
N00006361,52273
N00006364,212242
N00006397,242666
N00006399,5850
N00006406,1691386
N00006414,1250
N00006424,17303516
N00006425,228575
N00006431,15512
N00006446,250
N00006454,1375
N00006455,552345
N00006456,198531
N00006459,500
N00006473,180773
N00006476,44470
N00006477,3070
N00006486,636062
N00006493,64
N00006498,16650
N00006515,233908
N00006518,1169822
N00006528,140200
N00006542,42133
N00006546,747856
N00006547,6551701
N00006561,412361
N00006571,348941
N00006577,2000
N00006586,166764
N00006587,56168
N00006593,3250
N00006598,33945
N00006619,3005642
N00006652,312066
N00006667,8879
N00006671,77600
N00006682,46799
N00006690,86775
N00006692,4800
N00006750,1177334
N00006776,74240
N00006789,98534
N00006800,8833
N00006806,1500
N00006808,17400
N00006811,30200
N00006821,368425
N00006825,18934
N00006832,2063941
N00006840,10521
N00006882,368223
N00006883,8919
N00006889,5216
N00006896,14862
N00006897,698909
N00006932,212600
N00006949,83800
N00006953,200
N00006954,173196
N00006958,6179
N00006980,6050
N00006981,710537
N00006983,458594
N00007009,107389
N00007017,250170
N00007021,29900
N00007022,250
N00007033,263273
N00007050,223637
N00007068,220411
N00007087,242500
N00007089,389309
N00007099,209819
N00007113,2970
N00007121,76
N00007124,294232
N00007140,19991
N00007148,12000
N00007151,130850
N00007164,1500
N00007165,1000
N00007231,405995
N00007232,756772
N00007251,688585
N00007256,391278
N00007273,6715
N00007274,250
N00007279,334069
N00007286,3150
N00007312,160950
N00007335,401290
N00007360,108025
N00007364,4073247
N00007377,3903729
N00007382,201370
N00007388,20560
N00007390,69010
N00007392,400
N00007397,45527
N00007419,300337
N00007420,24200
N00007422,581807
N00007446,7200
N00007454,7725
N00007458,216347
N00007476,3815
N00007479,212170
N00007502,231158
N00007507,261751
N00007516,104450
N00007527,4067
N00007537,2202
N00007542,550
N00007544,12600
N00007556,195025
N00007563,6710
N00007569,321
N00007571,118666
N00007581,335775
N00007582,250
N00007584,171840
N00007590,40925
N00007606,2000
N00007622,1467
N00007632,22050
N00007635,21308
N00007653,144290
N00007665,213664
N00007668,1550
N00007679,3200
N00007681,32510
N00007690,269137
N00007700,265834
N00007701,741947
N00007702,714
N00007724,28525
N00007727,174282
N00007729,2400
N00007734,900
N00007738,1000
N00007742,684
N00007756,12938
N00007767,780
N00007779,61725
N00007781,45436
N00007788,4362
N00007798,3986
N00007815,572891
N00007817,250
N00007823,626371
N00007826,241845
N00007833,498666
N00007834,3285
N00007836,7666335
N00007876,97000
N00007879,2650979
N00007894,8615
N00007895,9170
N00007918,268215
N00007925,41097
N00007936,594943
N00007939,6469
N00007940,14617
N00007941,26491
N00007946,495
N00007948,1100
N00007949,1050
N00007968,586
N00007997,303875
N00007999,523274
N00008006,30500
N00008019,12274
N00008022,16337
N00008028,351472
N00008032,342247
N00008038,229145
N00008046,208553
N00008047,68527
N00008048,714906
N00008050,233100
N00008051,735352
N00008054,1500
N00008058,14950
N00008059,321293
N00008060,13450
N00008067,13527
N00008071,4147133
N00008072,86580428
N00008075,25774515
N00008082,1159141
N00008086,177280
N00008091,234225
N00008092,94875
N00008094,549042
N00008113,119495
N00008122,91267
N00008130,16950
N00008132,7800
N00008144,326643
N00008166,438328
N00008188,263592
N00008190,264785
N00008264,310335
N00008274,564661
N00008619,563877
N00008643,11850
N00008676,300
N00008725,4040
N00008738,4500
N00008799,352688
N00008853,1000
N00008954,34559984
N00008957,487111
N00009082,139050
N00009086,11775
N00009091,94413
N00009152,6195
N00009154,263650
N00009157,251904
N00009160,143924
N00009337,42586
N00009479,200
N00009483,402750
N00009570,46601
N00009571,740077
N00009572,103641
N00009573,483647
N00009575,4229
N00009576,64250
N00009577,9400
N00009581,250
N00009584,336271
N00009585,1801709
N00009586,554409
N00009587,564
N00009588,321132
N00009589,10150
N00009590,116500
N00009591,287250
N00009593,157350
N00009596,6813
N00009597,27750
N00009598,119248
N00009599,32325
N00009600,10000
N00009602,178399
N00009603,104310
N00009604,974397
N00009606,554199
N00009607,3850
N00009608,339598
N00009611,328668
N00009612,10933
N00009613,72150
N00009614,825217
N00009615,491065
N00009616,16900
N00009617,1011853
N00009618,377312
N00009619,1400
N00009620,319240
N00009621,11074
N00009622,9400
N00009623,79450
N00009624,1383366
N00009627,9000
N00009628,14650
N00009629,6154
N00009633,760113
N00009634,10121
N00009635,569889
N00009637,303429
N00009638,360830
N00009639,79794
N00009640,4450
N00009641,75260
N00009642,375998
N00009644,96077
N00009645,42424
N00009646,17470
N00009647,172850
N00009648,3700
N00009649,646873
N00009650,404495
N00009651,136241
N00009652,59805
N00009653,336571
N00009654,539648
N00009655,316003
N00009656,827080
N00009657,179292
N00009658,23000
N00009659,1212809
N00009660,14750
N00009661,233297
N00009664,185700
N00009666,12700
N00009667,249160
N00009668,1068234
N00009670,447576
N00009671,315065
N00009672,40300
N00009673,267645
N00009674,54650
N00009675,362152
N00009676,295445
N00009677,539995
N00009678,57569
N00009679,168298
N00009680,840000
N00009681,24800
N00009682,13480
N00009684,471752
N00009685,1310
N00009686,37111
N00009687,46084
N00009692,130408
N00009693,31800
N00009694,3850
N00009695,4750
N00009696,1000
N00009697,272305
N00009698,609764
N00009699,1248103
N00009700,6450
N00009702,157747
N00009703,282059
N00009704,693935
N00009705,426233
N00009706,17727
N00009707,25352
N00009708,8300
N00009709,210902
N00009710,10219
N00009711,4700
N00009712,41806
N00009713,9075
N00009714,121115
N00009715,663361
N00009716,6200
N00009717,1600
N00009719,148676
N00009720,251872
N00009721,532740
N00009723,346384
N00009724,311701
N00009725,316630
N00009726,16345
N00009727,311789
N00009728,34050
N00009729,29750
N00009730,2550
N00009731,69900
N00009732,11500
N00009733,17900
N00009734,1082001
N00009735,1450644
N00009736,92931
N00009737,197315
N00009738,653952
N00009739,9249
N00009740,147171
N00009741,1170744
N00009742,71050
N00009743,41805
N00009744,9720
N00009745,41250
N00009746,2250
N00009747,32901
N00009749,77050
N00009750,293005
N00009751,196475
N00009752,96075
N00009753,604527
N00009754,179531
N00009755,5400
N00009756,500
N00009757,766694
N00009758,65760
N00009759,786921
N00009760,412111
N00009761,6307
N00009763,332045
N00009765,56654
N00009766,116546
N00009767,304770
N00009768,12700
N00009769,398369
N00009770,114137
N00009771,609144
N00009774,281003
N00009775,302779
N00009778,1546580
N00009779,280600
N00009791,393464
N00009795,500
N00009799,97049
N00009802,301718
N00009805,6142
N00009816,103558
N00009817,1483146
N00009818,983587
N00009820,244300
N00009821,469572
N00009824,946588
N00009825,736916
N00009828,106351
N00009829,93060
N00009834,52083
N00009841,3276635
N00009866,104
N00009869,2935775
N00009871,7304
N00009876,16500
N00009884,2975
N00009887,61847
N00009888,2366749
N00009895,161
N00009898,2338756
N00009901,201317
N00009902,132402
N00009903,1258701
N00009904,322843
N00009905,1939591
N00009908,14855187
N00009913,500
N00009918,121628
N00009920,412067
N00009922,195600
N00009923,113050
N00009926,4683605
N00009928,10850
N00009929,4300
N00009930,295865
N00009932,848913
N00009933,366445
N00009934,23750
N00009936,358989
N00009937,107899
N00009938,1196489
N00009940,96050
N00009941,204825
N00009945,2757870
N00009946,214610
N00009948,88088
N00009949,787765
N00009950,132876
N00009951,2820
N00009952,137035
N00009953,1076818
N00009954,1183941
N00009955,1836
N00009956,26600
N00009957,6445481
N00009958,802586
N00009960,1145690
N00009961,500
N00009975,575641
N00009981,78668
N00010084,459897
N00010202,4653
N00010536,11000
N00010793,27840
N00011114,2700
N00011340,807587
N00011393,132163
N00011693,15050
N00012445,1500
N00012457,239693
N00012460,256934
N00012461,711400
N00012462,18048
N00012463,13850
N00012465,15339
N00012467,8138
N00012468,11275
N00012469,11050
N00012470,61887
N00012471,66885
N00012472,8830
N00012473,27793
N00012474,14950
N00012475,166920
N00012476,2000
N00012477,4350
N00012479,1000
N00012480,32825
N00012482,5500
N00012483,152439
N00012484,22050
N00012485,68335
N00012486,371958
N00012487,9550
N00012488,6177
N00012489,109037
N00012490,225025
N00012491,75173
N00012492,6250
N00012493,220781
N00012495,20725
N00012496,4450
N00012508,1920093
N00012509,500
N00012512,398145
N00012513,8400
N00012516,9050
N00012517,172890
N00012518,152313
N00012519,31984
N00012520,42867
N00012521,787099
N00012522,63166
N00012525,17375
N00012526,7350
N00012531,7828
N00012532,289612
N00012533,19896
N00012534,138874
N00012535,119442
N00012537,279056
N00012539,1403835
N00012540,128350
N00012542,11250
N00012543,55283
N00012545,189279
N00012546,63908
N00012547,154520
N00012548,59415
N00012549,44650
N00012552,881617
N00012553,35812
N00012554,3000
N00012555,88544
N00012556,198985
N00012557,157175
N00012558,23668
N00012559,13100
N00012560,740825
N00012562,58060
N00012564,1216
N00012565,50283
N00012566,144699
N00012567,107355
N00012571,10050
N00012572,98795
N00012573,11865
N00012574,12498
N00012575,10097
N00012577,136795
N00012580,59322
N00012583,202107
N00012584,10800
N00012586,443964
N00012597,1000
N00012600,32400
N00012601,2000
N00012603,24450
N00012604,4272605
N00012605,1344390
N00012606,1041595
N00012607,57970
N00012608,1560
N00012609,4000
N00012610,745032
N00012611,1317791
N00012612,2050
N00012613,32300
N00012614,130945
N00012615,22851
N00012616,92250
N00012618,187331
N00012621,1920
N00012622,37728
N00012623,56621
N00012624,534050
N00012625,50585
N00012626,230930
N00012627,109300
N00012628,1200
N00012629,34629
N00012630,99271
N00012631,4984
N00012635,28379
N00012636,193459
N00012637,60372
N00012638,40162
N00012639,1237
N00012640,788
N00012642,139772
N00012646,63700
N00012647,54685
N00012649,255413
N00012652,20837
N00012655,9150
N00012656,411228
N00012657,3867
N00012658,27892
N00012661,6313
N00012668,22450
N00012669,244
N00012670,132943
N00012671,2000
N00012672,107943
N00012675,4305
N00012676,268900
N00012678,290698
N00012680,280702
N00012681,3623
N00012689,15796
N00012694,5200
N00012701,1100
N00012714,20041
N00012715,22000
N00012718,11671
N00012721,483477
N00012726,1600
N00012728,17200
N00012732,500
N00012733,72168
N00012734,40668
N00012735,11714
N00012736,9350
N00012737,3249
N00012738,38600
N00012739,596441
N00012740,215942
N00012742,8400
N00012743,39810
N00012744,3175
N00012745,16371
N00012746,4894
N00012747,148587
N00012748,94900
N00012750,4650
N00012756,35087
N00012762,364022
N00012764,40175
N00012765,2551
N00012766,2400
N00012767,30510
N00012768,1271580
N00012769,12295
N00012770,480355
N00012771,88614
N00012772,457510
N00012773,54325
N00012774,838213
N00012775,204911
N00012776,24209
N00012778,4900
N00012779,1031
N00012780,54451
N00012781,3200
N00012782,73750
N00012783,438225
N00012785,3890
N00012789,58350
N00012791,7400
N00012792,6750
N00012793,5001
N00012794,12850
N00012807,121200
N00012810,65474
N00012811,982644
N00012812,178793
N00012814,10950
N00012817,9750
N00012818,18287
N00012819,10731
N00012820,22250
N00012821,5160
N00012822,1293131
N00012823,279218
N00012832,1700
N00012835,1360
N00012845,2550
N00012851,7630
N00012857,3350
N00012861,18582
N00012871,15511
N00012872,5050
N00012873,25199
N00012874,13479
N00012875,472
N00012876,7176
N00012878,1500
N00012879,58672
N00012880,7438
N00012890,478894
N00012892,4800
N00012894,112313
N00012895,2000
N00012896,181139
N00012899,30150
N00012903,301350
N00012904,1000
N00012906,3650
N00012907,26433
N00012909,6500
N00012910,5950
N00012914,9800
N00012915,354038
N00012916,179738
N00012920,13520
N00012922,6550
N00012927,1000
N00012934,28028
N00012935,1000
N00012937,66774
N00012939,8185
N00012940,9536
N00012941,158583
N00012942,533725
N00012950,41162
N00012958,451562
N00012961,8468
N00012963,1712
N00012965,20636
N00012968,271250
N00012970,298123
N00012977,14761
N00012985,9130
N00012999,250
N00013001,1700
N00013002,156600
N00013003,11836
N00013004,3200
N00013006,30200
N00013008,2628
N00013009,13800
N00013011,3326
N00013016,2330
N00013032,4000
N00013044,25150
N00013046,1670
N00013069,19750
N00013074,23975
N00013076,102500
N00013077,41650
N00013078,122467
N00013079,763561
N00013080,5000
N00013085,32325
N00013086,178022
N00013087,8700
N00013092,3000
N00013093,1800
N00013096,1000
N00013097,51802
N00013098,300
N00013099,39950
N00013100,11450
N00013101,169925
N00013102,2750
N00013103,16794
N00013106,750
N00013107,20823
N00013109,2250
N00013111,2750
N00013112,13280
N00013113,12869
N00013114,313855
N00013116,12950
N00013117,51900
N00013118,132373
N00013120,16912
N00013124,1273
N00013125,52678
N00013127,1646
N00013128,89562
N00013130,4945
N00013131,659749
N00013132,122732
N00013133,1180
N00013134,48857
N00013135,119997
N00013142,14810
N00013143,1881
N00013145,9340
N00013146,29624
N00013147,7700
N00013149,16750
N00013150,14093
N00013151,95849
N00013153,2557
N00013154,11643
N00013155,140897
N00013156,11760
N00013157,4048
N00013159,2599
N00013163,21948
N00013164,1501
N00013167,6884
N00013171,4342
N00013172,60351
N00013177,155673
N00013181,351079
N00013184,250
N00013187,700
N00013192,4750
N00013193,25663
N00013198,4000
N00013201,135245
N00013204,763
N00013205,5527
N00013206,1210
N00013207,8500
N00013208,116274
N00013212,92476
N00013213,62387
N00013215,4500
N00013216,4800
N00013217,5000
N00013219,29909
N00013220,5669
N00013221,254382
N00013228,8955
N00013229,4292
N00013231,63700
N00013233,1200
N00013236,1900
N00013237,47650
N00013238,55846
N00013239,16678
N00013241,131788
N00013242,20650
N00013247,230338
N00013248,22050
N00013250,151079
N00013253,20650
N00013255,33520
N00013258,10659
N00013259,61100
N00013260,10065
N00013261,3864
N00013262,2600
N00013263,13791
N00013265,8382
N00013268,27360
N00013269,15372
N00013270,500
N00013271,10680
N00013272,250
N00013273,11600
N00013274,20450
N00013276,8784
N00013277,125935
N00013278,2500
N00013280,18550
N00013281,29609
N00013282,23744
N00013283,6550
N00013284,297765
N00013285,5094
N00013286,750
N00013290,425
N00013291,3597067
N00013294,9850
N00013296,2400
N00013297,250
N00013299,500
N00013301,3000
N00013302,23568
N00013303,11293
N00013304,2917
N00013305,200
N00013307,205
N00013311,15900
N00013314,1250
N00013317,10527
N00013320,4927
N00013323,456761
N00013324,259907
N00013325,9990
N00013326,26723
N00013334,315900
N00013335,4000
N00013342,25
N00013343,9502
N00013344,135910
N00013345,672746
N00013346,377909
N00013347,21050
N00013348,9150
N00013349,42840
N00013350,4606
N00013358,5500
N00013362,13466
N00013363,8458
N00013368,4929
N00013370,32517
N00013372,923
N00013373,8074
N00013374,150
N00013380,2150
N00013391,1932
N00013404,7850
N00013406,10500
N00013412,10450
N00013413,500
N00013414,3701
N00013418,5124
N00013425,12050
N00013427,6850
N00013432,2195
N00013436,1836811
N00013437,25165
N00013440,5725
N00013441,12250
N00013454,795
N00013456,24820
N00013462,9525
N00013465,7700
N00013469,1500
N00013470,700
N00013475,2565
N00013483,6100
N00013486,7700
N00013497,4086
N00013508,12000
N00013511,6175
N00013520,13400
N00013523,12379
N00013535,3700
N00013539,7976
N00013542,3279
N00013550,3850
N00013562,9450
N00013575,5200
N00013576,11350
N00013620,1950
N00013623,1000
N00013653,14100
N00013670,4100
N00013712,500
N00013715,500
N00013717,700
N00013729,1440
N00013740,145263
N00027502,319820
